DROP TABLE RESULTS;
DROP TABLE RACES;
DROP TABLE COMPETITIONS;
DROP TABLE HORSES;
DROP TABLE JOCKEYS;
DROP TABLE OWNERS;

CREATE TABLE JOCKEYS
    (
        ID NUMBER(2) PRIMARY KEY,
        NAME VARCHAR2(50) NOT NULL,
        ADDRESS VARCHAR2(50) NOT NULL,
        HEIGHT NUMBER(3) NOT NULL,
        WEIGHT NUMBER(3) NOT NULL,
        BIRTH DATE NOT NULL
    );

CREATE TABLE OWNERS
    (
        ID NUMBER(2) PRIMARY KEY,
        NAME VARCHAR2(50) NOT NULL,
        ADDRESS VARCHAR2(50) NOT NULL
    );

CREATE TABLE HORSES
    (
        ID NUMBER(2) PRIMARY KEY,
        JOCKEY_ID NUMBER(2) REFERENCES JOCKEYS(ID) NOT NULL,
        OWNER_ID NUMBER(2) REFERENCES OWNERS(ID) NOT NULL,
        NICK VARCHAR2(20) NOT NULL,
        BIRTH DATE NOT NULL,
        SEX VARCHAR2(5) NOT NULL
    );

CREATE TABLE COMPETITIONS
    (
        ID NUMBER(2) PRIMARY KEY,
        COMPETITION_DATE DATE NOT NULL,
        PLACE VARCHAR2(50) NOT NULL,
        NAME VARCHAR2(50),
        RACE_COUNT NUMBER(2) NOT NULL
    );

CREATE TABLE RACES
    (
        ID NUMBER(2) PRIMARY KEY,
        COMPETITION_ID NUMBER(2) REFERENCES COMPETITIONS(ID) NOT NULL
    );

CREATE TABLE RESULTS
    (
        RACE_ID NUMBER(2) REFERENCES RACES(ID) NOT NULL,
        HORSE_ID NUMBER(2) REFERENCES HORSES(ID) NOT NULL,
        POSITION NUMBER(2) NOT NULL
    );

COMMIT;
INSERT INTO JOCKEYS VALUES
    (1, 'Dave', '123 Mein ave, MI'      , 181, 70, to_date('01-01-1981', 'dd-mm-yyyy'));
INSERT INTO JOCKEYS VALUES
    (2, 'John', '45 Herz st, CH'        , 179, 75, to_date('10-01-1983', 'dd-mm-yyyy'));
INSERT INTO JOCKEYS VALUES
    (3, 'Jim', '78 Shmidt rd, LA'      , 182, 73, to_date('01-11-1984', 'dd-mm-yyyy'));
INSERT INTO JOCKEYS VALUES
    (4, 'Tom', '89 Hamburg strasse, NY', 178, 68, to_date('11-11-1985', 'dd-mm-yyyy'));


INSERT INTO OWNERS VALUES
    (1, 'Mr Sammers', '23 Abbey rd, London');
INSERT INTO OWNERS VALUES
    (2, 'Mr Goldstein', 'Hyde park 75, NY');


INSERT INTO HORSES VALUES
    (1, 1, 1, 'Donald'      , to_date('01-01-0001', 'dd-mm-yyyy'), 'Male');
INSERT INTO HORSES VALUES
    (2, 2, 1, 'Anton Palych', to_date('01-01-0001', 'dd-mm-yyyy'), 'Male');
INSERT INTO HORSES VALUES
    (3, 3, 2, 'Alan'        , to_date('01-01-0001', 'dd-mm-yyyy'), 'Male');
INSERT INTO HORSES VALUES
    (4, 4, 2, 'Smith'       , to_date('01-01-0001', 'dd-mm-yyyy'), 'Male');


INSERT INTO COMPETITIONS VALUES
    (1, to_date('01-01-0001', 'dd-mm-yyyy'), 'Champton', 'Champton Gran Prx', 2);
INSERT INTO COMPETITIONS VALUES
    (2, to_date('02-01-0001', 'dd-mm-yyyy'), 'Champton', 'Champton Gran Prx', 2);
INSERT INTO COMPETITIONS VALUES
    (3, to_date('03-01-0001', 'dd-mm-yyyy'), 'Bringhton', 'Bringhton Gran Prx', 1);


INSERT INTO RACES VALUES (1, 1);
INSERT INTO RACES VALUES (2, 1);
INSERT INTO RACES VALUES (3, 2);
INSERT INTO RACES VALUES (4, 2);
INSERT INTO RACES VALUES (5, 3);


INSERT INTO RESULTS VALUES (1, 1, 2);
INSERT INTO RESULTS VALUES (1, 2, 1);
INSERT INTO RESULTS VALUES (1, 3, 4);
INSERT INTO RESULTS VALUES (1, 4, 3);

INSERT INTO RESULTS VALUES (2, 4, 1);
INSERT INTO RESULTS VALUES (2, 2, 2);
INSERT INTO RESULTS VALUES (2, 3, 3);
INSERT INTO RESULTS VALUES (2, 1, 4);

INSERT INTO RESULTS VALUES (3, 3, 1);
INSERT INTO RESULTS VALUES (3, 2, 2);
INSERT INTO RESULTS VALUES (3, 4, 3);
INSERT INTO RESULTS VALUES (3, 1, 4);

INSERT INTO RESULTS VALUES (4, 4, 1);
INSERT INTO RESULTS VALUES (4, 3, 2);
INSERT INTO RESULTS VALUES (4, 2, 3);
INSERT INTO RESULTS VALUES (4, 1, 4);

INSERT INTO RESULTS VALUES (4, 1, 1);
INSERT INTO RESULTS VALUES (4, 2, 2);
INSERT INTO RESULTS VALUES (4, 3, 3);
INSERT INTO RESULTS VALUES (4, 4, 4);